{
  "MAE": 0.9638454914093018,
  "RMSE": 1.2455790063431487,
  "R2": 0.9821956753730774
}